{"cameraMode":{"drawMode":0,"name":"Shaded","section":"Shading Mode"},"sceneLighting":false,"audioPlay":false,"sceneViewState":{"showFog":true,"showMaterialUpdate":true,"showSkybox":false,"showFlares":true,"showImageEffects":false,"showParticleSystems":true,"showVisualEffectGraphs":true,"m_FxEnabled":true},"in2DMode":false,"pivot":{"x":-10.108006477355957,"y":0.9996589422225952,"z":-1.6460888385772706},"rotation":{"x":0.3422275483608246,"y":-0.28496959805488589,"z":0.10946497321128845,"w":0.8887341022491455},"size":2.6335861682891847,"orthographic":false}