{"cameraMode":{"drawMode":0,"name":"Shaded","section":"Shading Mode"},"sceneLighting":false,"audioPlay":false,"sceneViewState":{"showFog":true,"showMaterialUpdate":true,"showSkybox":false,"showFlares":true,"showImageEffects":false,"showParticleSystems":true,"showVisualEffectGraphs":true,"m_FxEnabled":true},"in2DMode":false,"pivot":{"x":-13.67199993133545,"y":0.5934890508651733,"z":-0.045791685581207278},"rotation":{"x":-0.0021157197188585998,"y":0.9978781938552856,"z":-0.051833540201187137,"w":-0.04013929143548012},"size":2.3411784172058107,"orthographic":true}